<?xml version="1.0" encoding="UTF-8"?>
<project-private xmlns="http://www.netbeans.org/ns/project-private/1">
    <editor-bookmarks xmlns="http://www.netbeans.org/ns/editor-bookmarks/2" lastBookmarkId="0"/>
    <open-files xmlns="http://www.netbeans.org/ns/projectui-open-files/2">
        <group>
            <file>file:/C:/Users/ITLAB2-PC02-STUDENT/Documents/NetBeansProjects/house-cleaningv5/house_cleaning_booking_system/house_cleaning_booking_system_v3/src/house_cleaning_booking_system/CREATE_ACCOUNT.java</file>
            <file>file:/C:/Users/ITLAB2-PC02-STUDENT/Documents/NetBeansProjects/house-cleaningv5/house_cleaning_booking_system/house_cleaning_booking_system_v3/src/house_cleaning_booking_system/PERSONAL_INFO.java</file>
        </group>
    </open-files>
</project-private>
